{"cameraMode":{"drawMode":0,"name":"Shaded","section":"Shading Mode"},"sceneLighting":true,"audioPlay":false,"sceneViewState":{"m_AlwaysRefresh":false,"showFog":true,"showSkybox":true,"showFlares":true,"showImageEffects":true,"showParticleSystems":true,"showVisualEffectGraphs":true,"m_FxEnabled":true},"in2DMode":false,"pivot":{"x":1.4377069473266602,"y":-3.3303308486938478,"z":-6.262176513671875},"rotation":{"x":0.02049950323998928,"y":0.9760993719100952,"z":-0.1885429322719574,"w":0.10612773150205612},"size":3.3116867542266847,"orthographic":false}