{"cameraMode":{"drawMode":0,"name":"Shaded","section":"Shading Mode"},"sceneLighting":false,"audioPlay":false,"sceneViewState":{"m_AlwaysRefresh":false,"showFog":true,"showSkybox":false,"showFlares":true,"showImageEffects":true,"showParticleSystems":true,"showVisualEffectGraphs":true,"m_FxEnabled":true},"in2DMode":false,"pivot":{"x":-0.15184921026229859,"y":0.3110772669315338,"z":-0.07356858253479004},"rotation":{"x":0.017225950956344606,"y":0.9732671976089478,"z":-0.21540415287017823,"w":0.07783292233943939},"size":0.5287814736366272,"orthographic":false}